"_id","yourName","reqTransportation"
"606f2b69af4fb573d8f7b9fe","Michael",true
"606f2b69af4fb573d8f7b9f9","Michael",true
"606f2b69af4fb573d8f7ba04","Robert",true
"606f2b69af4fb573d8f7b9fa","Gecko",true
"606f2b69af4fb573d8f7b9fb","Gecko",true
"606f2b69af4fb573d8f7ba06","Teddy",false
"606f2b69af4fb573d8f7ba08","Team Campfire",false
"606f2b69af4fb573d8f7ba0b","Anya",false
"606f2b69af4fb573d8f7b9fd","Robert",true
"606f2b69af4fb573d8f7b9fc","mar",true
"606f2b69af4fb573d8f7ba07","Anya",true
"606f2b69af4fb573d8f7ba01","Ra",true
"606f2b69af4fb573d8f7ba0a","Robert",true
"606f2b69af4fb573d8f7ba02","jonas",true
"606f2b69af4fb573d8f7b9ff","Robert",true
"606f2b69af4fb573d8f7ba00","jonas",true
"606f2b69af4fb573d8f7ba05","Rachael",false
"606f2b69af4fb573d8f7ba03","Rachael",false
"606f2b69af4fb573d8f7ba09","Robert",true
"606f2b69af4fb573d8f7ba0c","Teddy",true